vendor_string,appropriation_name,department,payments,total_usd
ADERONKE NAOMI OSAGIEDE BEYONE HEALTHCAR,(40000600) MASSHEALTH - SENIOR CARE PLANS,DEPARTMENT OF ELDER AFFAIRS (ELD),260,21917280.05
ADERONKE NAOMI OSAGIEDE BEYONE HEALTHCAR,(40000500) MANAGED CARE PLAN,EXECUTIVE OFFICE OF HEALTH AND HUMAN SERVICES (EHS),340,21348562.21
BEYOND INDEPENDENT LIVING LLC,(40000601) MASSHEALTH SENIOR CARE,EXECUTIVE OFFICE OF HEALTH AND HUMAN SERVICES (EHS),846,15374382.30
ADERONKE NAOMI OSAGIEDE BEYONE HEALTHCAR,(40000700) INDEMNITY/THIRD PARTY LIABILITY PLAN,EXECUTIVE OFFICE OF HEALTH AND HUMAN SERVICES (EHS),336,14300849.60
BEYOND INDEPENDENT LIVING LLC,(40000500) MANAGED CARE PLAN,EXECUTIVE OFFICE OF HEALTH AND HUMAN SERVICES (EHS),914,7944245.85
BEYOND INDEPENDENT LIVING LLC,(40000700) INDEMNITY / THIRD PARTY LIABILITY PLAN,EXECUTIVE OFFICE OF HEALTH AND HUMAN SERVICES (EHS),502,3562122.65
ADERONKE NAOMI OSAGIEDE BEYONE HEALTHCAR,(40000601) MASSHEALTH SENIOR CARE,EXECUTIVE OFFICE OF HEALTH AND HUMAN SERVICES (EHS),86,2801568.51
BEYOND INDEPENDENT LIVING LLC,(40000700) INDEMNITY/THIRD PARTY LIABILITY PLAN,EXECUTIVE OFFICE OF HEALTH AND HUMAN SERVICES (EHS),384,2767101.61
BEYOND HEALTHCARE AGENCY LLC,(40000601) MASSHEALTH SENIOR CARE,EXECUTIVE OFFICE OF HEALTH AND HUMAN SERVICES (EHS),340,2020438.44
ADERONKE NAOMI OSAGIEDE BEYONE HEALTHCAR,(40000320) PRIOR YEAR COLLECTIONS FROM LIENS/ESTATE,EXECUTIVE OFFICE OF HEALTH AND HUMAN SERVICES (EHS),47,2007121.29
ADERONKE NAOMI OSAGIEDE BEYOND HLTH CARE,(40000601) MASSHEALTH SENIOR CARE,EXECUTIVE OFFICE OF HEALTH AND HUMAN SERVICES (EHS),108,1959609.97
BEYOND HEALTHCARE AGENCY LLC,(40000500) MANAGED CARE PLAN,EXECUTIVE OFFICE OF HEALTH AND HUMAN SERVICES (EHS),336,1846936.41
ADERONKE NAOMI OSAGIEDE BEYOND HLTH CARE,(40000700) INDEMNITY/THIRD PARTY LIABILITY PLAN,EXECUTIVE OFFICE OF HEALTH AND HUMAN SERVICES (EHS),100,1166959.62
BEYOND INDEPENDENT LIVING LLC,(40000940) ACA EXPANSION POPULATIONS,EXECUTIVE OFFICE OF HEALTH AND HUMAN SERVICES (EHS),652,1124185.84
ADERONKE NAOMI OSAGIEDE BEYOND HLTH CARE,(40000500) MANAGED CARE PLAN,EXECUTIVE OFFICE OF HEALTH AND HUMAN SERVICES (EHS),107,1064116.51
BEYOND HEALTHCARE AGENCY LLC,(40000700) INDEMNITY / THIRD PARTY LIABILITY PLAN,EXECUTIVE OFFICE OF HEALTH AND HUMAN SERVICES (EHS),221,896422.33
BEYOND INDEPENDENT LIVING LLC,(40000600) MASSHEALTH - SENIOR CARE PLANS,DEPARTMENT OF ELDER AFFAIRS (ELD),75,685048.15
BEYOND HEALTHCARE AGENCY LLC,(40000700) INDEMNITY/THIRD PARTY LIABILITY PLAN,EXECUTIVE OFFICE OF HEALTH AND HUMAN SERVICES (EHS),103,657997.26
ADERONKE NAOMI OSAGIEDE BEYONE HEALTHCAR,(40000430) COMMONHEALTH SUPPLEMENTAL CARE FOR,EXECUTIVE OFFICE OF HEALTH AND HUMAN SERVICES (EHS),172,603878.42
BEYOND INDEPENDENT LIVING LLC,(40000430) COMMONHEALTH SUPPLEMENTAL CARE FOR,EXECUTIVE OFFICE OF HEALTH AND HUMAN SERVICES (EHS),608,577493.79
BEYOND HEALTHCARE AGENCY LLC,(40000940) ACA EXPANSION POPULATIONS,EXECUTIVE OFFICE OF HEALTH AND HUMAN SERVICES (EHS),277,364427.09
BEYOND INDEPENDENT LIVING LLC,(40000320) PRIOR YEAR COLLECTIONS FROM LIENS/ESTATE,EXECUTIVE OFFICE OF HEALTH AND HUMAN SERVICES (EHS),44,267713.49
ADERONKE NAOMI OSAGIEDE BEYONE HEALTHCAR,(40000940) ACA EXPANSION POPULATIONS,EXECUTIVE OFFICE OF HEALTH AND HUMAN SERVICES (EHS),135,135574.21
ADERONKE NAOMI OSAGIEDE BEYONE HEALTHCAR,(40000950) CHILDREN'S BEHAVIORAL HEALTH INITIATIVE,EXECUTIVE OFFICE OF HEALTH AND HUMAN SERVICES (EHS),2,102909.89
ADERONKE NAOMI OSAGIEDE BEYOND HLTH CARE,(40000320) PRIOR YEAR COLLECTIONS FROM LIENS/ESTATE,EXECUTIVE OFFICE OF HEALTH AND HUMAN SERVICES (EHS),7,82045.88
BEYOND HEALTHCARE AGENCY LLC,(40000430) COMMONHEALTH SUPPLEMENTAL CARE FOR,EXECUTIVE OFFICE OF HEALTH AND HUMAN SERVICES (EHS),100,61555.79
BEYOND INDEPENDENT LIVING LLC,(UNASSIGNED) MASSHEALTH SENIOR CARE,EXECUTIVE OFFICE OF HEALTH AND HUMAN SERVICES (EHS),3,58545.06
ADERONKE NAOMI OSAGIEDE BEYOND HLTH CARE,(40000940) ACA EXPANSION POPULATIONS,EXECUTIVE OFFICE OF HEALTH AND HUMAN SERVICES (EHS),37,56460.67
ADERONKE NAOMI OSAGIEDE BEYOND HLTH CARE,(40000430) COMMONHEALTH SUPPLEMENTAL CARE FOR,EXECUTIVE OFFICE OF HEALTH AND HUMAN SERVICES (EHS),65,56440.34
BEYOND INDEPENDENT LIVING LLC,(UNASSIGNED) MANAGED CARE PLAN,EXECUTIVE OFFICE OF HEALTH AND HUMAN SERVICES (EHS),3,24669.05
GREATER BOSTON HOME HEALTH CARE LLC,(40000601) MASSHEALTH SENIOR CARE,EXECUTIVE OFFICE OF HEALTH AND HUMAN SERVICES (EHS),36,20157.10
BEYOND HEALTHCARE AGENCY LLC,(40000320) PRIOR YEAR COLLECTIONS FROM LIENS/ESTATE,EXECUTIVE OFFICE OF HEALTH AND HUMAN SERVICES (EHS),11,18243.89
ADERONKE NAOMI OSAGIEDE BEYONE HEALTHCAR,(40000880) MASSHEALTH - FAMILY ASSISTANCE,EXECUTIVE OFFICE OF HEALTH AND HUMAN SERVICES (EHS),1,16278.56
BEYOND INDEPENDENT LIVING LLC,(UNASSIGNED) INDEMNITY / THIRD PARTY LIABILITY PLAN,EXECUTIVE OFFICE OF HEALTH AND HUMAN SERVICES (EHS),3,13925.17
ADERONKE NAOMI OSAGIEDE BEYONE HEALTHCAR,(41206002) HEAD INJURED RETAINED REVENUE,MASS REHABILITATION COMMISSION (MRC),52,13342.00
GREATER BOSTON HOME HEALTH CARE LLC,(40000500) MANAGED CARE PLAN,EXECUTIVE OFFICE OF HEALTH AND HUMAN SERVICES (EHS),13,11719.18
GREATER BOSTON HOME HEALTH CARE LLC,(40000700) INDEMNITY / THIRD PARTY LIABILITY PLAN,EXECUTIVE OFFICE OF HEALTH AND HUMAN SERVICES (EHS),25,5811.28
GREATER BOSTON HOME HEALTH CARE LLC,(40000940) ACA EXPANSION POPULATIONS,EXECUTIVE OFFICE OF HEALTH AND HUMAN SERVICES (EHS),3,5159.86
BEYOND HEATHCARE AGENCY,(41206002) HEAD INJURED RETAINED REVENUE,MASS REHABILITATION COMMISSION (MRC),11,3227.00
BEYOND INDEPENDENT LIVING LLC,(UNASSIGNED) ACA EXPANSION POPULATIONS,EXECUTIVE OFFICE OF HEALTH AND HUMAN SERVICES (EHS),2,2830.61
GREATER BOSTON HOME HEALTH CARE LLC,(40000320) PRIOR YEAR COLLECTIONS FROM LIENS/ESTATE,EXECUTIVE OFFICE OF HEALTH AND HUMAN SERVICES (EHS),4,2360.61
BEYOND INDEPENDENT LIVING LLC,(UNASSIGNED) COMMONHEALTH SUPPLEMENTAL CARE FOR,EXECUTIVE OFFICE OF HEALTH AND HUMAN SERVICES (EHS),2,1917.51
BEYOND HEALTHCARE AGENCY LLC,(UNASSIGNED) MASSHEALTH SENIOR CARE,EXECUTIVE OFFICE OF HEALTH AND HUMAN SERVICES (EHS),1,1809.95
GREATER BOSTON HOME HEALTH CARE LLC,(UNASSIGNED) MASSHEALTH SENIOR CARE,EXECUTIVE OFFICE OF HEALTH AND HUMAN SERVICES (EHS),1,1470.40
GREATER BOSTON HOME HEALTH CARE LLC,(UNASSIGNED) INDEMNITY / THIRD PARTY LIABILITY PLAN,EXECUTIVE OFFICE OF HEALTH AND HUMAN SERVICES (EHS),1,524.58
BEYOND HEATHCARE AGENCY,(41204000) INDEPENDENT LIVING ASSISTANCE PROGRAM,MASS REHABILITATION COMMISSION (MRC),1,252.00
BEYOND HEALTHCARE AGENCY LLC,(UNASSIGNED) INDEMNITY / THIRD PARTY LIABILITY PLAN,EXECUTIVE OFFICE OF HEALTH AND HUMAN SERVICES (EHS),1,195.31
BEYOND HEALTHCARE AGENCY LLC,(UNASSIGNED) ACA EXPANSION POPULATIONS,EXECUTIVE OFFICE OF HEALTH AND HUMAN SERVICES (EHS),1,107.88
ADERONKE NAOMI OSAGIEDE BEYONE HEALTHCAR,(15996903) CHAPTER 257 RESERVE,EXECUTIVE OFFICE OF HEALTH AND HUMAN SERVICES (EHS),1,11.00
